{
    "elapsed_time": 246.21290112001589,
    "num_requests": 100,
    "total_num_tokens": 37807,
    "requests_per_second": 0.4061525596144746,
    "tokens_per_second": 153.55409821344443
}