{
    "elapsed_time": 179.14777929795673,
    "num_requests": 100,
    "total_num_tokens": 37807,
    "requests_per_second": 0.5581983789689128,
    "tokens_per_second": 211.03806113677686
}