{
    "elapsed_time": 780.2255353000364,
    "num_requests": 100,
    "total_num_tokens": 37807,
    "requests_per_second": 0.1281680686874019,
    "tokens_per_second": 48.456501728646046
}