{
    "elapsed_time": 5612.715228188001,
    "num_requests": 500,
    "total_num_tokens": 371088,
    "requests_per_second": 0.0890834435157009,
    "tokens_per_second": 66.11559377470883
}