{
    "elapsed_time": 2479.0408864070014,
    "num_requests": 500,
    "total_num_tokens": 371088,
    "requests_per_second": 0.2016909050357274,
    "tokens_per_second": 149.69014913579602
}