{
    "elapsed_time": 3071.215602429,
    "num_requests": 500,
    "total_num_tokens": 367735,
    "requests_per_second": 0.1628019861596672,
    "tokens_per_second": 119.73597676085043
}