{
    "elapsed_time": 927.659856194,
    "num_requests": 500,
    "total_num_tokens": 367735,
    "requests_per_second": 0.5389906619991065,
    "tokens_per_second": 396.4114621804829
}